Time,Message
2023-03-27 14:08:34,tag1 connect 
2023-03-27 14:08:35,tag1 connect 
2023-03-27 14:08:36,tag1 connect 
2023-03-27 14:08:37,tag1 connect 
2023-03-27 14:08:38,tag1 connect 
2023-03-27 14:08:39,tag1 connect 
2023-03-27 14:08:40,tag1 connect 
2023-03-27 14:08:41,tag1 connect 
2023-03-27 14:08:42,tag1 connect 
2023-03-27 14:08:43,tag1 connect 
2023-03-27 14:08:44,tag1 connect 
2023-03-27 14:08:45,tag1 connect 
2023-03-27 14:08:46,tag1 connect 
2023-03-27 14:08:47,tag1 connect 
2023-03-27 14:08:48,tag1 connect 
2023-03-27 14:08:49,tag1 connect 
2023-03-27 14:08:50,tag1 connect 
2023-03-27 14:08:51,tag1 connect 
2023-03-27 14:08:52,tag1 connect 
